type,name,module,path,hash
"csv","agent-manifest","_cfg","bmad/_cfg/agent-manifest.csv","d4d6d1d5295b9b9a04230619061e46ddaa57f12caa4d8b6c2bfbdb93694d4fb0"
"csv","task-manifest","_cfg","bmad/_cfg/task-manifest.csv","46f98b1753914dc6193c9ca8b6427fadc9a6d71747cdc8f5159792576c004b60"
"csv","workflow-manifest","_cfg","bmad/_cfg/workflow-manifest.csv","36235cabdee11268beb6d500569d36400e94d7cea98ee0b3c80918ab1babb4bd"
"yaml","manifest","_cfg","bmad/_cfg/manifest.yaml","8515854dad69ffe9f2187f8593240aea606ae841b0b2644be5a05d3254e69338"
"js","installer","bmb","bmad/bmb/workflows/create-module/installer-templates/installer.js","a539cd5266471dab9359bd3ed849d7b45c5de842a9d5869f8332a5a8bb81fad5"
"md","agent-architecture","bmb","bmad/bmb/workflows/create-agent/agent-architecture.md","ea570cf9893c08d3b9519291c89848d550506a8d831a37eb87f60f1e09980e7f"
"md","agent-command-patterns","bmb","bmad/bmb/workflows/create-agent/agent-command-patterns.md","1dbc414c0c6c9e6b54fb0553f65a28743a26e2a172c35b79fc3dc350d50a378d"
"md","agent-types","bmb","bmad/bmb/workflows/create-agent/agent-types.md","a9429475767b6db4bb74fb27e328a8fdb3e8e7176edb2920ae3e0106d85e9d83"
"md","bmad-builder","bmb","bmad/bmb/agents/bmad-builder.md","952f393b40776963c74eae170c0972d257d09207c10bc82e30038b11dd8c5d80"
"md","brainstorm-context","bmb","bmad/bmb/workflows/create-agent/brainstorm-context.md","85be72976c4ff5d79b2bce8e6b433f5e3526a7466a72b3efdb4f6d3d118e1d15"
"md","brainstorm-context","bmb","bmad/bmb/workflows/create-module/brainstorm-context.md","62b902177d2cb56df2d6a12e5ec5c7d75ec94770ce22ac72c96691a876ed2e6a"
"md","brainstorm-context","bmb","bmad/bmb/workflows/create-workflow/brainstorm-context.md","f246ec343e338068b37fee8c93aa6d2fe1d4857addba6db3fe6ad80a2a2950e8"
"md","checklist","bmb","bmad/bmb/workflows/convert-legacy/checklist.md","3f4faaacd224022af5ddf4ae0949d472f9eca3afa0d4ad0c24f19f93caaa9bf9"
"md","checklist","bmb","bmad/bmb/workflows/create-agent/checklist.md","837667f2bd601833568b327b961ba0dd363ba9a0d240625eebc9d1a9685ecbd8"
"md","checklist","bmb","bmad/bmb/workflows/create-module/checklist.md","494f5bcef32b3abfd4fb24023fdcfad70b222521dae12e71049ec55e6041cc08"
"md","checklist","bmb","bmad/bmb/workflows/create-workflow/checklist.md","78325ed31532c0059a3f647f7f4cda7702919a9ef43634afa419d3fa30ee2a0c"
"md","checklist","bmb","bmad/bmb/workflows/create-workflow/workflow-template/checklist.md","a950c68c71cd54b5a3ef4c8d68ad8ec40d5d1fa057f7c95e697e975807ae600b"
"md","checklist","bmb","bmad/bmb/workflows/edit-workflow/checklist.md","9677c087ddfb40765e611de23a5a009afe51c347683dfe5f7d9fd33712ac4795"
"md","checklist","bmb","bmad/bmb/workflows/module-brief/checklist.md","821c90da14f02b967cb468b19f59a26c0d8f044d7a81a8b97631fb8ffac7648f"
"md","checklist","bmb","bmad/bmb/workflows/redoc/checklist.md","2117d60b14e19158f4b586878b3667d715d3b62f79815b72b55c2376ce31aae8"
"md","communication-styles","bmb","bmad/bmb/workflows/create-agent/communication-styles.md","1aea4671532682bc14e4cb4036bfa2ebb3e07da7e91bd6e739b20f85515bfacf"
"md","instructions","bmb","bmad/bmb/workflows/convert-legacy/instructions.md","65e8fcf7e4b20e22eea28db80ebed692d9e1c0b7c8bec06f3944b97cc6a0b7be"
"md","instructions","bmb","bmad/bmb/workflows/create-agent/instructions.md","9d81b4c74130423dbececdf2eca25a0dcefb982c5e64ef71bb78c466c25993e2"
"md","instructions","bmb","bmad/bmb/workflows/create-module/instructions.md","8dd2129a77814c1ec70b178e5a82856ef3e09174007aa6cff34889557961939a"
"md","instructions","bmb","bmad/bmb/workflows/create-workflow/instructions.md","7688c2ed187848500010237fd243d896684b542dee9c26d5f6baa5145dee36d0"
"md","instructions","bmb","bmad/bmb/workflows/create-workflow/workflow-template/instructions.md","acb05fe42dcad7f9a2e59e53fdb92a23b5967e2fff729043658ce27ae117e1d7"
"md","instructions","bmb","bmad/bmb/workflows/edit-workflow/instructions.md","061cb5f583f01106155bc388fe159533b4b657083000ba42253ac54ee78bc8f6"
"md","instructions","bmb","bmad/bmb/workflows/module-brief/instructions.md","2b4d5d1596cf55024f94d3f09fa50516f273639b6b595af51cc3883097c897b0"
"md","instructions","bmb","bmad/bmb/workflows/redoc/instructions.md","e987f10e333e00b6a35fcf614301da5e23879f3dc6c8e798535dcd67fbd15157"
"md","module-structure","bmb","bmad/bmb/workflows/create-module/module-structure.md","9970768af75da79b4cdef78096c751e70a3a00194af58dca7ed58a79d324423f"
"md","README","bmb","bmad/bmb/README.md","af2cdbeede53eff1ecf95c1e6d7ee1535366ba09b352657fa05576792a2bafb4"
"md","README","bmb","bmad/bmb/workflows/convert-legacy/README.md","3391972c16b7234dae61b2d06daeb6310d1760117ece57abcca0c178c4c33eea"
"md","README","bmb","bmad/bmb/workflows/create-agent/README.md","cc1d51e22c425e005ddbe285510ff5a6fc6cf1e40d0ffe5ff421c1efbcbe94c0"
"md","README","bmb","bmad/bmb/workflows/create-module/README.md","cdacbe6c4896fd02714b598e709b785af38d41d7e42d39802d695617fe221b39"
"md","README","bmb","bmad/bmb/workflows/create-workflow/README.md","56501b159b18e051ebcc78b4039ad614e44d172fe06dce679e9b24122a4929b5"
"md","README","bmb","bmad/bmb/workflows/edit-workflow/README.md","2141d42d922701281d4d92e435d4690c462c53cf31e8307c87252f0cabec4987"
"md","README","bmb","bmad/bmb/workflows/module-brief/README.md","05772db9095db7b4944e9fc47a049a3609c506be697537fd5fd9e409c10b92f4"
"md","README","bmb","bmad/bmb/workflows/redoc/README.md","a1b7e02427cf252bca69a8a1ee0f554844a6a01b5d568d74f494c71542056173"
"md","template","bmb","bmad/bmb/workflows/create-workflow/workflow-template/template.md","c98f65a122035b456f1cbb2df6ecaf06aa442746d93a29d1d0ed2fc9274a43ee"
"md","template","bmb","bmad/bmb/workflows/module-brief/template.md","7d1ad5ec40b06510fcbb0a3da8ea32aefa493e5b04c3a2bba90ce5685b894275"
"md","workflow-creation-guide","bmb","bmad/bmb/workflows/create-workflow/workflow-creation-guide.md","3233f2db6e0dec0250780840f95b38f7bfe9390b045a497d66f94f82d7ffb1af"
"yaml","bmad-builder.agent","bmb","bmad/bmb/agents/bmad-builder.agent.yaml",""
"yaml","config","bmb","bmad/bmb/config.yaml","463b08a1646687599cba2996484ec6a098786667205c799274399227f45a1b70"
"yaml","install-module-config","bmb","bmad/bmb/workflows/create-module/installer-templates/install-module-config.yaml","69c03628b04600f76aa1aa136094d59514f8eb900529114f7233dc28f2d5302d"
"yaml","workflow","bmb","bmad/bmb/workflows/convert-legacy/workflow.yaml","c31cee9cc0d457b25954554d7620c7455b3f1b5aa5b5d72fbc765ea7902c3c0c"
"yaml","workflow","bmb","bmad/bmb/workflows/create-agent/workflow.yaml","642cb7d6f9bb6948c1897f5353b40f77a581d560001b47d09181595fcba50f0f"
"yaml","workflow","bmb","bmad/bmb/workflows/create-module/workflow.yaml","1e1330363618c4a34aab334851a10dd02ce905e8b8540e8a8b03a821da427a56"
"yaml","workflow","bmb","bmad/bmb/workflows/create-workflow/workflow-template/workflow.yaml","76de202951a6921527b5dad41360e1e95bf621ca5335a09fe48d5d2b0718f2fb"
"yaml","workflow","bmb","bmad/bmb/workflows/create-workflow/workflow.yaml","78cb9a64016dc4473a5371057f46282bb3bfa6d7d8d4de520edaef62aaae5418"
"yaml","workflow","bmb","bmad/bmb/workflows/edit-workflow/workflow.yaml","7f91c07b3ea09408167274e0db7ebdd425bc7e10b721494f7f85d900859bfd43"
"yaml","workflow","bmb","bmad/bmb/workflows/module-brief/workflow.yaml","c0c370433b129687c1dd2ee6cb53231bc4418af7f60f3afd5c1ba12b8cb404b5"
"yaml","workflow","bmb","bmad/bmb/workflows/redoc/workflow.yaml","aa8ae9e82e2951f17e45ace6f2a415966dd881d7d1a217c44968c2658d46ec56"
"csv","documentation-requirements","bmm","bmad/bmm/workflows/1-analysis/document-project/documentation-requirements.csv","d1253b99e88250f2130516b56027ed706e643bfec3d99316727a4c6ec65c6c1d"
"csv","game-brain-methods","bmm","bmad/bmm/workflows/1-analysis/brainstorm-game/game-brain-methods.csv","9dd6c853bcd04038223abf0263c465381dace3c9b13c9eb637f22ce9dc93210e"
"csv","game-types","bmm","bmad/bmm/workflows/2-plan/gdd/game-types.csv","a44c04d09432c886a7a5a8112474bd32540d8e84de25b308dca0f96e570651fd"
"csv","project-types","bmm","bmad/bmm/workflows/3-solutioning/project-types/project-types.csv","dd3f3b1daf06b09e79691c513e83c8256df1cc79147f2f05cadb3704c7e4cb9d"
"csv","registry","bmm","bmad/bmm/workflows/3-solutioning/templates/registry.csv","d6b3611fc60d2ce45abca3b9cbd2ce8308005ffc913c9bc19df7b180accdd249"
"csv","tea-index","bmm","bmad/bmm/testarch/tea-index.csv","1e98d260bbd875c6245e650be95a5bd626320957d5fe3e4fdc6f2d31d9558ea1"
"json","project-scan-report-schema","bmm","bmad/bmm/workflows/1-analysis/document-project/templates/project-scan-report-schema.json","53255f15a10cab801a1d75b4318cdb0095eed08c51b3323b7e6c236ae6b399b7"
"md","action-platformer","bmm","bmad/bmm/workflows/2-plan/gdd/game-types/action-platformer.md","f1cbe9e9a52acd01ff120d05ce22fa81b30500933f62a3c6c36642280244057c"
"md","ADR-template","bmm","bmad/bmm/workflows/3-solutioning/ADR-template.md","c43213a6f4c1e6a0afbfb5dab26505a385966cfa15e2c468d8c174b4a5161995"
"md","adventure","bmm","bmad/bmm/workflows/2-plan/gdd/game-types/adventure.md","06aa57786c2e7ebc7580d501fcdefaabb28933c7b5785d6643bf643f58ae13e7"
"md","analyst","bmm","bmad/bmm/agents/analyst.md","d8a989fe9a254ab5ade0a0893c83396adb6e59afce856ded0cb55e95b5d8d2c0"
"md","architect","bmm","bmad/bmm/agents/architect.md","bbf7540d6feb0a632cf77cb5d12624dfa4c721f3fee8c8e4585470f74abec23c"
"md","backend-questions","bmm","bmad/bmm/workflows/3-solutioning/project-types/backend-questions.md","7c8a6c35ffde58440ba5df2f14ca5ea2421f6d1341b53e372fcb2cebbe1c5cdc"
"md","backend-service-architecture","bmm","bmad/bmm/workflows/3-solutioning/templates/backend-service-architecture.md","bb1688916680cfe3d723d6991d68bf288931dc27713b5f5f27ec08955a57ef4f"
"md","backlog_template","bmm","bmad/bmm/workflows/4-implementation/review-story/backlog_template.md","84b1381c05012999ff9a8b036b11c8aa2f926db4d840d256b56d2fa5c11f4ef7"
"md","bmm-competitor-analyzer","bmm","bmad/bmm/workflows/1-analysis/research/claude-code/sub-agents/bmm-competitor-analyzer.md","82d80930d8ed89d3b58616e53fc6f6f2788fd2fe88a08cff41a1500ff640201c"
"md","bmm-data-analyst","bmm","bmad/bmm/workflows/1-analysis/research/claude-code/sub-agents/bmm-data-analyst.md","a50ddc2dca39cc36289a43ff9c635ab5304e50b60174fa4fc34254d86464599e"
"md","bmm-market-researcher","bmm","bmad/bmm/workflows/1-analysis/research/claude-code/sub-agents/bmm-market-researcher.md","8993d2b104e1aca7b9407d9ab1af8958397c7abdf673b68756747f6d795ae929"
"md","bmm-trend-spotter","bmm","bmad/bmm/workflows/1-analysis/research/claude-code/sub-agents/bmm-trend-spotter.md","375ec3502fadd7f8e2403e71707ece5bbad703ee60360c068f9cf90fe409d6fa"
"md","bmm-user-researcher","bmm","bmad/bmm/workflows/1-analysis/research/claude-code/sub-agents/bmm-user-researcher.md","7f4733add8e3d89546e9769a7b0d259d73c262876ac64aff04d51e3094032afb"
"md","bmm-workflow-status-template","bmm","bmad/bmm/workflows/_shared/bmm-workflow-status-template.md","f9431820bcbb4d97b1c212423ddab284dc18a0699d30c9d11b3a95fdbf66d652"
"md","card-game","bmm","bmad/bmm/workflows/2-plan/gdd/game-types/card-game.md","6b9298ace2607c8e93d64533e6406828053234282e4977e4407faa2e9302fd0a"
"md","checklist","bmm","bmad/bmm/workflows/1-analysis/document-project/checklist.md","54e260b60ba969ecd6ab60cb9928bc47b3733d7b603366e813eecfd9316533df"
"md","checklist","bmm","bmad/bmm/workflows/1-analysis/game-brief/checklist.md","3516d66cffceb3e5ab23e1ddc9aaed8c0335eb0755e7437488cdebff96162395"
"md","checklist","bmm","bmad/bmm/workflows/1-analysis/product-brief/checklist.md","d801d792e3cf6f4b3e4c5f264d39a18b2992a197bc347e6d0389cc7b6c5905de"
"md","checklist","bmm","bmad/bmm/workflows/1-analysis/research/checklist.md","0524c5a0ea841d9b98b6f5a5cec095d0ecbd35779aa0ae079f6a81d36af16389"
"md","checklist","bmm","bmad/bmm/workflows/2-plan/checklist.md","f42eeb00f8ca8c85cc1727e4198e72c7f98b142988ebd32747e5b3e911e45364"
"md","checklist","bmm","bmad/bmm/workflows/3-solutioning/checklist.md","c52b3b7227fba965a6529c41fe3e81a03f5f94c12704d87133d1eb3edb01cdd1"
"md","checklist","bmm","bmad/bmm/workflows/3-solutioning/tech-spec/checklist.md","07e61427814d7f97c86dc02f4c9caedbe725b2dd5b8876d5371371f872a81aed"
"md","checklist","bmm","bmad/bmm/workflows/4-implementation/correct-course/checklist.md","d883f8c21b6315fe2296a5b250913adfbbf43d3387053e94f60051b5198989a3"
"md","checklist","bmm","bmad/bmm/workflows/4-implementation/create-story/checklist.md","d4f2ba56c40164110cc2d1830847fe42d367305f4ee85222bc465560cba12be9"
"md","checklist","bmm","bmad/bmm/workflows/4-implementation/dev-story/checklist.md","77cecc9d45050de194300c841e7d8a11f6376e2fbe0a5aac33bb2953b1026014"
"md","checklist","bmm","bmad/bmm/workflows/4-implementation/review-story/checklist.md","549f958bfe0b28f33ed3dac7b76ea8f266630b3e67f4bda2d4ae85be518d3c89"
"md","checklist","bmm","bmad/bmm/workflows/4-implementation/story-context/checklist.md","89c90d004e0649624a533d09604384c297b2891847c87cf1dcb358e9c8d0d723"
"md","ci-burn-in","bmm","bmad/bmm/testarch/knowledge/ci-burn-in.md","42e14a03d84563ed9dffc618959b71fcfb35b6aef2e5e3a713335b96ad7709a5"
"md","cli-questions","bmm","bmad/bmm/workflows/3-solutioning/project-types/cli-questions.md","f83b13181eb4b62085e3d8ffa046359f99d2631b6c2d6141da14e15d82d0b84d"
"md","cli-tool-architecture","bmm","bmad/bmm/workflows/3-solutioning/templates/cli-tool-architecture.md","bb1688916680cfe3d723d6991d68bf288931dc27713b5f5f27ec08955a57ef4f"
"md","component-tdd","bmm","bmad/bmm/testarch/knowledge/component-tdd.md","c2d1ea48b2d43abb0cee67b139827d3f9d8ea55203a7e6e9a9f87f0c9e717e2e"
"md","contract-testing","bmm","bmad/bmm/testarch/knowledge/contract-testing.md","b0c4de2d61a9c278e82cac49d26b82019db1ae594615ebce4bf8d04657e9fc2d"
"md","data-factories","bmm","bmad/bmm/testarch/knowledge/data-factories.md","714ab838ee4d409fd9dfe5189ccd4adb5aef12bdea7bc5ca8adb6c2a2bc84a98"
"md","data-pipeline-architecture","bmm","bmad/bmm/workflows/3-solutioning/templates/data-pipeline-architecture.md","bb1688916680cfe3d723d6991d68bf288931dc27713b5f5f27ec08955a57ef4f"
"md","data-questions","bmm","bmad/bmm/workflows/3-solutioning/project-types/data-questions.md","bf8c36fb0cf622d7f36c590056cfcbd8cf667450d00d4a27a81c6776210fa6cb"
"md","deep-dive-instructions","bmm","bmad/bmm/workflows/1-analysis/document-project/workflows/deep-dive-instructions.md","5df994e4e77a2a64f98fb7af4642812378f15898c984fb4f79b45fb2201f0000"
"md","deep-dive-template","bmm","bmad/bmm/workflows/1-analysis/document-project/templates/deep-dive-template.md","6198aa731d87d6a318b5b8d180fc29b9aa53ff0966e02391c17333818e94ffe9"
"md","desktop-app-architecture","bmm","bmad/bmm/workflows/3-solutioning/templates/desktop-app-architecture.md","bb1688916680cfe3d723d6991d68bf288931dc27713b5f5f27ec08955a57ef4f"
"md","desktop-questions","bmm","bmad/bmm/workflows/3-solutioning/project-types/desktop-questions.md","f5a50f1169cef74f0c20aca0216615dfef173bd19fb47f64f9432be69f6271ec"
"md","dev","bmm","bmad/bmm/agents/dev.md","20b9541e0aa32a3897e42b7834d2e1a73518d6f32e19d53ad98519fd3f2b5063"
"md","email-auth","bmm","bmad/bmm/testarch/knowledge/email-auth.md","7d0cc4d8e810f5f18d0654dc3f1ae306e73ef63b40a58a0f094c60b3a4cd309d"
"md","embedded-firmware-architecture","bmm","bmad/bmm/workflows/3-solutioning/templates/embedded-firmware-architecture.md","bb1688916680cfe3d723d6991d68bf288931dc27713b5f5f27ec08955a57ef4f"
"md","embedded-questions","bmm","bmad/bmm/workflows/3-solutioning/project-types/embedded-questions.md","fc9a01b298f59bb26aa22e64006f5c6ec8ac6eec327eec92114b7a7f8940a507"
"md","epic-stories-template","bmm","bmad/bmm/workflows/2-plan/tech-spec/epic-stories-template.md","7835e604689f4a7cd851afdc416f9dd0c0551f771b5a13cc7dc50244197e171e"
"md","epics-template","bmm","bmad/bmm/workflows/2-plan/prd/epics-template.md","93652c367a4138d94eebbea149c9cfc4d81cd08c8ea228ba57232275de2822be"
"md","error-handling","bmm","bmad/bmm/testarch/knowledge/error-handling.md","d3301196502dc5b6ddae56a3fbdcfce04589c28890cf1ea7f70d2591e2cf2ff6"
"md","extension-questions","bmm","bmad/bmm/workflows/3-solutioning/project-types/extension-questions.md","0c0cead79ad35d0d09b72f712b64f97a78838c9a4b58975d81c4ed3e755e6637"
"md","feature-flags","bmm","bmad/bmm/testarch/knowledge/feature-flags.md","2d97b8939d573e62c045ee8aaa98aa2b6b2e027b878636e6615619864bcebf70"
"md","fighting","bmm","bmad/bmm/workflows/2-plan/gdd/game-types/fighting.md","52e5a142aac496ae7154fc0829bfbce1ef22296f0a464cf8e595aa14ca02eb86"
"md","fixture-architecture","bmm","bmad/bmm/testarch/knowledge/fixture-architecture.md","1d3f12a29a0c1fa3737bf7e85a99691b0b2543d3693024595569cc8aae4eae07"
"md","full-scan-instructions","bmm","bmad/bmm/workflows/1-analysis/document-project/workflows/full-scan-instructions.md","a53c3d92a44625f103f1367f64a4620a7ce9a36d64ca49ad789a66375b5f3d7f"
"md","game-architect","bmm","bmad/bmm/agents/game-architect.md","94be9ae4a3963e44fa77be7f1d60578530f0b2ef7229525c9f3c522d206f6c97"
"md","game-context","bmm","bmad/bmm/workflows/1-analysis/brainstorm-game/game-context.md","d0f5cb4d6151bb65b799676281ea2af0fe1b5ec227c92ceba655ba363e18a0ba"
"md","game-designer","bmm","bmad/bmm/agents/game-designer.md","fee53d17c86e84a06665464befca5fdb04f7d8152c3fb650193f54a3f0dde812"
"md","game-dev","bmm","bmad/bmm/agents/game-dev.md","e0a3516205f2a0e5960b9cc504f45f1b44faf59391febcb0da1f0168d6e17906"
"md","game-engine-architecture","bmm","bmad/bmm/workflows/3-solutioning/templates/game-engine-architecture.md","999e59b8c7196d731243565806ebcbea769fcac7d352ae31f16dedf5dc252ab4"
"md","game-engine-godot-guide","bmm","bmad/bmm/workflows/3-solutioning/templates/game-engine-godot-guide.md","fb178ab700dab8ead1c00eb69f360d06982d7ac2aa5d333076ec07f279c2c459"
"md","game-engine-unity-guide","bmm","bmad/bmm/workflows/3-solutioning/templates/game-engine-unity-guide.md","5a444408dac577a50bd443f3027cc362e402df42f8254b410d1b9d0ba4d8ed14"
"md","game-engine-web-guide","bmm","bmad/bmm/workflows/3-solutioning/templates/game-engine-web-guide.md","6ba56a0d294d4798301af4a9126a69ed18e6c05899a9c4c6d518bba1de33801d"
"md","game-questions","bmm","bmad/bmm/workflows/3-solutioning/project-types/game-questions.md","fff3446cbd0c821d5e7608e274f7653c87752f3644268475b16bae0fd35bf837"
"md","gdd-template","bmm","bmad/bmm/workflows/2-plan/gdd/gdd-template.md","070ccbb7f491dc1b1d126245c2e4db4a55dbc5a7ee6a6df4be521ca70e3c9ea6"
"md","horror","bmm","bmad/bmm/workflows/2-plan/gdd/game-types/horror.md","7ff7599d5701bb7a8ef0e14f3ba614626cdd0d8960a8e880fc1cd41c5f508f75"
"md","idle-incremental","bmm","bmad/bmm/workflows/2-plan/gdd/game-types/idle-incremental.md","515b52bb301e467c1f096cc55abde47159bb0b0d87157b9fa565973b48601ddf"
"md","index-template","bmm","bmad/bmm/workflows/1-analysis/document-project/templates/index-template.md","42c8a14f53088e4fda82f26a3fe41dc8a89d4bcb7a9659dd696136378b64ee90"
"md","infra-questions","bmm","bmad/bmm/workflows/3-solutioning/project-types/infra-questions.md","8c9522d5ac3077f898ffe22e861a9688099751f312e8539bf154853d3fcb4d99"
"md","infrastructure-architecture","bmm","bmad/bmm/workflows/3-solutioning/templates/infrastructure-architecture.md","bb1688916680cfe3d723d6991d68bf288931dc27713b5f5f27ec08955a57ef4f"
"md","instructions","bmm","bmad/bmm/workflows/1-analysis/brainstorm-game/instructions.md","a211320b6756fc53ddb16e04ef4652c1cca909b6939e9c8dcfbc121a1b8b18aa"
"md","instructions","bmm","bmad/bmm/workflows/1-analysis/brainstorm-project/instructions.md","523c146419bb521e91a68076a89292dcf04f1eb85b572d8942061fa5a989013f"
"md","instructions","bmm","bmad/bmm/workflows/1-analysis/document-project/instructions.md","e39e2610f2366f1e77e55fbe48fcd6cb4de7fef2638810ee2f4718709094fb0f"
"md","instructions","bmm","bmad/bmm/workflows/1-analysis/game-brief/instructions.md","e1ca7ea524356a40d501d910f5e5ddd63118a09672e437bcc1c81b7f0eae586e"
"md","instructions","bmm","bmad/bmm/workflows/1-analysis/product-brief/instructions.md","4a1bcf0c4ef71b6a7a5ab3039035ff8f55366d97cb20bbe4ade73391c0702eca"
"md","instructions","bmm","bmad/bmm/workflows/1-analysis/workflow-status/instructions.md","f989842bd75e3a34ce75eed72a9fbc131d3b990fc037e416a72f3ec369f64578"
"md","instructions","bmm","bmad/bmm/workflows/3-solutioning/instructions.md","8c613e2b94fff4adf5d8b747f0c9b71c4ce8f01900b7f7bd6eaf591d7e625489"
"md","instructions","bmm","bmad/bmm/workflows/3-solutioning/tech-spec/instructions.md","dd55d95b4166181032ad314893067860881606b8230af4c7a490355ddd2795f2"
"md","instructions","bmm","bmad/bmm/workflows/4-implementation/correct-course/instructions.md","85c35e46963c338389706abebd3c3045335a9984b02ec32d6b22bf028a295204"
"md","instructions","bmm","bmad/bmm/workflows/4-implementation/create-story/instructions.md","05aede1b842b820a3b01aba87bce8c56b8bcd7982ac9f918136dceeae2d64a58"
"md","instructions","bmm","bmad/bmm/workflows/4-implementation/dev-story/instructions.md","5d94a3b76a54cb6e8a10764c7f2ea32a01b9239c5840488c676d27d941e62bfd"
"md","instructions","bmm","bmad/bmm/workflows/4-implementation/retrospective/instructions.md","2c00360e80a1d69d5a8fae2dd5915fe16a6369a1d816a92a84632bb5144f0919"
"md","instructions","bmm","bmad/bmm/workflows/4-implementation/review-story/instructions.md","fa4341876f1949148408e2e476c7e1634d9e1c0c82b5d4f5ec1edafa4ccbe951"
"md","instructions","bmm","bmad/bmm/workflows/4-implementation/story-approved/instructions.md","96e4afa8901935ca1e6c1d7f153fd22467eed359290630a9e22e8192cbcf22c9"
"md","instructions","bmm","bmad/bmm/workflows/4-implementation/story-context/instructions.md","142401657566e67e1f23b6343965d7dc20ec5817d70e4cf4f8e0d08479bb5564"
"md","instructions","bmm","bmad/bmm/workflows/4-implementation/story-ready/instructions.md","18180fba0b5cf74f9a57aa5ecb50538eaef5b81e152ec51dd91fd3c11e96cde4"
"md","instructions","bmm","bmad/bmm/workflows/testarch/atdd/instructions.md","946b00119290758ab2900498f19ae3514e0d291eb65099c47ddbd793306d8e31"
"md","instructions","bmm","bmad/bmm/workflows/testarch/automate/instructions.md","b74121f6bc87ae73c8b7b8b2bc4257801262cb8924239ebe9a4e3228d042ac1d"
"md","instructions","bmm","bmad/bmm/workflows/testarch/ci/instructions.md","d2a8d515af18767d211909d91691ff41c6baa572d06f6778592b08b3fbd54148"
"md","instructions","bmm","bmad/bmm/workflows/testarch/framework/instructions.md","7065d32554f138f5af848759c96e55aca921fd5839f5dad593849e358132f002"
"md","instructions","bmm","bmad/bmm/workflows/testarch/gate/instructions.md","ea0f9bc1c67f2a1089f3d6937e851b8b74c0dde7d65f649f9301b0effd99b95d"
"md","instructions","bmm","bmad/bmm/workflows/testarch/nfr-assess/instructions.md","fbb0b3c5ad8210f522858e2daf872f2b050db898c4bb090056bf42980046d54b"
"md","instructions","bmm","bmad/bmm/workflows/testarch/test-design/instructions.md","293a06ff2ce67485d5acb8d262c0f8dff3b98c15af1848b4219bf14eaa7ea03a"
"md","instructions","bmm","bmad/bmm/workflows/testarch/trace/instructions.md","2861e1981f42bb0db09fa79ce2954836f5844ec8744ea2d33d3f05d3543963b2"
"md","instructions-deep-prompt","bmm","bmad/bmm/workflows/1-analysis/research/instructions-deep-prompt.md","4d5a0f481742d067a5a4136b887d52f237d79c1ff4347fabe734870de1e4c629"
"md","instructions-gdd","bmm","bmad/bmm/workflows/2-plan/gdd/instructions-gdd.md","fb341a0d6f4ed89b3e14fbe9412607dd242ae9c371e847cbc9781c4c0823ff13"
"md","instructions-level0-story","bmm","bmad/bmm/workflows/2-plan/tech-spec/instructions-level0-story.md","b8d9f419a99808fd98af30178b9492bd51e2a67a4cf5c4a5127359c9c4df4bcf"
"md","instructions-level1-stories","bmm","bmad/bmm/workflows/2-plan/tech-spec/instructions-level1-stories.md","dc933a440de2303f4673f649dece1126f1abed787ce7dd1098422f08e7ad773d"
"md","instructions-lg","bmm","bmad/bmm/workflows/2-plan/prd/instructions-lg.md","e970994038cbd8a2b95affd2c908fe845caea6c5329259a77b74de3cdcbd22b6"
"md","instructions-market","bmm","bmad/bmm/workflows/1-analysis/research/instructions-market.md","e3f9b8ef56b6e6182f87c9a00435dcbca2c664fe4b3de8853cc089c8e976c402"
"md","instructions-med","bmm","bmad/bmm/workflows/2-plan/prd/instructions-med.md","767c093ec9d7550ba74c22086c22838ac2c965ec03e83f71a15e5104e4cbd19f"
"md","instructions-narrative","bmm","bmad/bmm/workflows/2-plan/narrative/instructions-narrative.md","5696880e9354ce63ddd8eaf14a335916cb0e8a630a8155e54a61fb4e7ec77673"
"md","instructions-router","bmm","bmad/bmm/workflows/1-analysis/research/instructions-router.md","c5a010bb6ecba3ddce932c474394040ade5b73a2d2d0afaf75a9d2204d46819b"
"md","instructions-router","bmm","bmad/bmm/workflows/2-plan/instructions-router.md","17332b29dbb325ccbe63dfc9a8b3e7417df3584d1b98b3b4f9fa250c6917acbd"
"md","instructions-sm","bmm","bmad/bmm/workflows/2-plan/tech-spec/instructions-sm.md","5d9582255b21a4192388d16f3c3855239a041a094635dbd230574b0c4f28c58a"
"md","instructions-technical","bmm","bmad/bmm/workflows/1-analysis/research/instructions-technical.md","aa9128859fb73c55d30337230c3029fcff4ce1dfc15df5c71d6aa6847e2a5702"
"md","instructions-ux","bmm","bmad/bmm/workflows/2-plan/ux/instructions-ux.md","81a54e61e89c75c53bd11652616ea27d37d1eeebfdb6b7a2545f899124d8149c"
"md","library-package-architecture","bmm","bmad/bmm/workflows/3-solutioning/templates/library-package-architecture.md","bb1688916680cfe3d723d6991d68bf288931dc27713b5f5f27ec08955a57ef4f"
"md","library-questions","bmm","bmad/bmm/workflows/3-solutioning/project-types/library-questions.md","1a21b0345744a108590f293a492345bb6370af561a7875985f6307816df178ae"
"md","metroidvania","bmm","bmad/bmm/workflows/2-plan/gdd/game-types/metroidvania.md","2a8c101dda7911d1cd1d9c66d1be86af3725832f5dcc7fab71e95204f45614ea"
"md","moba","bmm","bmad/bmm/workflows/2-plan/gdd/game-types/moba.md","92d0ba9f7508a38d5bfeac1651c6aee8a1a58c54659ad3f0e0d1fd678a1ef498"
"md","mobile-app-architecture","bmm","bmad/bmm/workflows/3-solutioning/templates/mobile-app-architecture.md","bb1688916680cfe3d723d6991d68bf288931dc27713b5f5f27ec08955a57ef4f"
"md","mobile-questions","bmm","bmad/bmm/workflows/3-solutioning/project-types/mobile-questions.md","5b44cf9cac7d035ec754e335be8ba78046f70934825d074c474be29938075440"
"md","narrative-template","bmm","bmad/bmm/workflows/2-plan/narrative/narrative-template.md","a97e07173c540f85e946eb9c525e1ccad9294ae5f970760f2a9c537b5c0dcd6b"
"md","network-first","bmm","bmad/bmm/testarch/knowledge/network-first.md","555dbb40e8e3e17d09e1bf3532d46c28a13fc5c868942b04f27937bcb6365ee8"
"md","nfr-criteria","bmm","bmad/bmm/testarch/knowledge/nfr-criteria.md","384beb17c8d127cc0a26ddf55a71a4c75c770517b1454ee3177500a93d7b558e"
"md","party-game","bmm","bmad/bmm/workflows/2-plan/gdd/game-types/party-game.md","0cc50b3aede0c45c94cdff743cdac2d8ad67421ea80497a29d2300a1744ea703"
"md","playwright-config","bmm","bmad/bmm/testarch/knowledge/playwright-config.md","6583c48c974f1be27bd0ac4f33c19de96f3714fa86a3b5e39cfcaa7adb90614c"
"md","pm","bmm","bmad/bmm/agents/pm.md","67df401204ffdf832a2cc52ba70b82400fa25f356c4d9c1689c0c57c587fd5e4"
"md","prd-template","bmm","bmad/bmm/workflows/2-plan/prd/prd-template.md","db91b88f1457b95b6e44b8eeaf57b54b075f3300cb7d71294d12848d5c4beef6"
"md","probability-impact","bmm","bmad/bmm/testarch/knowledge/probability-impact.md","6786eb7162bddaa0b8b66d612082de1c2837e5740776436cc3e973fb7f972a65"
"md","project-context","bmm","bmad/bmm/workflows/1-analysis/brainstorm-project/project-context.md","0f1888da4bfc4f24c4de9477bd3ccb2a6fb7aa83c516dfdc1f98fbd08846d4ba"
"md","project-overview-template","bmm","bmad/bmm/workflows/1-analysis/document-project/templates/project-overview-template.md","a7c7325b75a5a678dca391b9b69b1e3409cfbe6da95e70443ed3ace164e287b2"
"md","puzzle","bmm","bmad/bmm/workflows/2-plan/gdd/game-types/puzzle.md","f9c08b6f087bfaa41ea08c9dfa78aa034f5ae46b627b9f476bdf8b4f5c3389ed"
"md","racing","bmm","bmad/bmm/workflows/2-plan/gdd/game-types/racing.md","085ea5d0914d7bc6a233c479d0ad6288a575ad1c8b9a8a85881e779fac0e60fc"
"md","README","bmm","bmad/bmm/README.md","9f2a296f1442a92a5ab79a1af42d2c162999bf268b52d119d03ec3a98327e47f"
"md","README","bmm","bmad/bmm/testarch/README.md","9adbee749e3b311d14ff7e317d690ff857eeb40bb4bb6465e2de16077eb68c9d"
"md","README","bmm","bmad/bmm/workflows/1-analysis/brainstorm-game/README.md","4d704cf0ff96239cb37974009a3db1f067cf6d6fed48774746969f845f021a5a"
"md","README","bmm","bmad/bmm/workflows/1-analysis/brainstorm-project/README.md","d4ef2c6f5033cdb58e713cf30a8f88b37d83a361601bbeca38e15f9470535699"
"md","README","bmm","bmad/bmm/workflows/1-analysis/document-project/README.md","9415befb88719758299c85e42f497953814b9afe3b79bcfc4742deef243b2e26"
"md","README","bmm","bmad/bmm/workflows/1-analysis/document-project/templates/README.md","a5e3775d1dd3cf6958b782361229ad5602e55d140e8976f9c87e2051346d7e2a"
"md","README","bmm","bmad/bmm/workflows/1-analysis/game-brief/README.md","cc922fd97a0fb4aab624e35e24ada783fdbd4b057b8a8e2f8c550087f1725596"
"md","README","bmm","bmad/bmm/workflows/1-analysis/product-brief/README.md","e891a719ac22e5cd754b55efc7b2f367094c8fa00e802139b3cb1f9fabf1c559"
"md","README","bmm","bmad/bmm/workflows/1-analysis/research/README.md","9679a94028badf669a05b8125d92c5c16cebc10fc8c9340eff866a872d17798a"
"md","README","bmm","bmad/bmm/workflows/1-analysis/workflow-status/README.md","252bc733d6e3ada7f29c4f106e4f2ce61c6e4cd5714215956840e1bcbc6ccda5"
"md","README","bmm","bmad/bmm/workflows/2-plan/README.md","0545b40ffecf2b65356c0edf4dadacdd45e97fddac0c28e5114739b6a85be2c1"
"md","README","bmm","bmad/bmm/workflows/2-plan/gdd/README.md","2dfdc93ab6c9c5982c3a79bb184cd468fd59a44565ad23188a4a1a8f32208588"
"md","README","bmm","bmad/bmm/workflows/3-solutioning/README.md","8185cad230902cb9559131309813f8b35e272a7650843c78d39c01e24b531e7d"
"md","README","bmm","bmad/bmm/workflows/3-solutioning/tech-spec/README.md","b818f6e68ffb443ab2d96abf7e34dc7dcf5bbe63fbf9d64b56e219bf0db87b5d"
"md","README","bmm","bmad/bmm/workflows/4-implementation/correct-course/README.md","7d5324ef1abbb4b46da2f850e7b57ce8856a5c6b3f9b2af2804f9cd71f007d8f"
"md","README","bmm","bmad/bmm/workflows/4-implementation/create-story/README.md","19d8633f4688aa914d237f3ad7a72c40b82506fc82442d52a1b0277ab10b28ab"
"md","README","bmm","bmad/bmm/workflows/4-implementation/dev-story/README.md","808dbd7c69efcf4c0651dc95d49ee2d4bbd95b986398359387578f6b3006bdda"
"md","README","bmm","bmad/bmm/workflows/4-implementation/retrospective/README.md","ae7e8503dabb3f8b9e21e662a8143a996b825a658f6e8feef53b43502246353c"
"md","README","bmm","bmad/bmm/workflows/4-implementation/review-story/README.md","bf8aacb0692173df34923cb643372403a7c1cd83d1457c68fa6c38f2c5e18207"
"md","README","bmm","bmad/bmm/workflows/4-implementation/story-context/README.md","aadd2d77c2c254a358a0b91f4db48a1ad69815226120fab74ebc40bc209f8246"
"md","README","bmm","bmad/bmm/workflows/README.md","8b1c2940148827f1356844524952c8b69eaab1c5ca76be1848d960e04bb71ed2"
"md","README","bmm","bmad/bmm/workflows/testarch/README.md","d148c9ec9430f492c81d8e91fd4a2fab144a9ce80583dfdaa8acd120b572a735"
"md","rhythm","bmm","bmad/bmm/workflows/2-plan/gdd/game-types/rhythm.md","83bbf1761fdc604b8c2b50ed86c5874cce331417e1b3a46c65cb6c4c1a7c8db2"
"md","risk-governance","bmm","bmad/bmm/testarch/knowledge/risk-governance.md","2642089dddb690f71008c7986f770bf486e711e820d36226df721d356045b4f9"
"md","roguelike","bmm","bmad/bmm/workflows/2-plan/gdd/game-types/roguelike.md","fb1ebc838011020a6f740e6fb4f2ceb81be8477f9c67bc7ae3a8e34dfe548f00"
"md","rpg","bmm","bmad/bmm/workflows/2-plan/gdd/game-types/rpg.md","5aa57ecefb448a0507ee0c8d503b43bd34d0c612ba130240d1af9842b80cba50"
"md","sandbox","bmm","bmad/bmm/workflows/2-plan/gdd/game-types/sandbox.md","836f656bbaae549f31ac574c0865a61de451c08ab8c561db2c93398e147ece85"
"md","selective-testing","bmm","bmad/bmm/testarch/knowledge/selective-testing.md","e669fb7a5e897efefa582f96807800625bea5cb73bfab9eadf564a8477d77f2a"
"md","shooter","bmm","bmad/bmm/workflows/2-plan/gdd/game-types/shooter.md","2452850295ac2b9fac04ce2d6126bfc19bb7dccbb04c40e7f89c801aecc5555d"
"md","simulation","bmm","bmad/bmm/workflows/2-plan/gdd/game-types/simulation.md","fd74a7d21243f8d9827fe6a99263579309bc0aabd9e56261d3dd4eb5cfc75ad5"
"md","sm","bmm","bmad/bmm/agents/sm.md","c6dce52169bbe64e20016dbc7e813b3876cdc596d4e2517124396e7849cf1c29"
"md","source-tree-template","bmm","bmad/bmm/workflows/1-analysis/document-project/templates/source-tree-template.md","109bc335ebb22f932b37c24cdc777a351264191825444a4d147c9b82a1e2ad7a"
"md","sports","bmm","bmad/bmm/workflows/2-plan/gdd/game-types/sports.md","2247ea87dbca74e879f8c686d9e80434618e9e61bd3572739274c1af64cb0bb8"
"md","strategy","bmm","bmad/bmm/workflows/2-plan/gdd/game-types/strategy.md","997380919f6c1b408906c364f74e728b9c6b45bf2960d1f0bfe8b0def594735e"
"md","survival","bmm","bmad/bmm/workflows/2-plan/gdd/game-types/survival.md","3647795ee0073a85217633412a41a938e51a553776acbe9ac953fb403e3437f9"
"md","tea","bmm","bmad/bmm/agents/tea.md","6c6a8cc99aab550960e9e44f7d45c4e0ff3bbad2333170ade47ce65413d2ba76"
"md","tech-spec-template","bmm","bmad/bmm/workflows/2-plan/tech-spec/tech-spec-template.md","79e0b33c3e191603160bf2e6f11497ff3be010878cd1008dc986e2b957a9230c"
"md","template","bmm","bmad/bmm/workflows/1-analysis/game-brief/template.md","6d5555fae3763e8528898663d51276e0cc7d2d9725a8c74162d8e9732dbc5843"
"md","template","bmm","bmad/bmm/workflows/1-analysis/product-brief/template.md","6e80489578bf0908c70742b36997007ea3978bcd14af7ee6b1dca5d54679090e"
"md","template","bmm","bmad/bmm/workflows/3-solutioning/tech-spec/template.md","f27cf5523b383afa33918f02d2ecf37bd2fb514e3eff3a6b423684667d8678f0"
"md","template","bmm","bmad/bmm/workflows/4-implementation/create-story/template.md","aa7e097cf73e318d6b8302aa69d48f81ee45f57d43c3613a0d49d3e538eb5780"
"md","template-deep-prompt","bmm","bmad/bmm/workflows/1-analysis/research/template-deep-prompt.md","2e65c7d6c56e0fa3c994e9eb8e6685409d84bc3e4d198ea462fa78e06c1c0932"
"md","template-market","bmm","bmad/bmm/workflows/1-analysis/research/template-market.md","28631d8693beac54f4b47f38b143d5efc91f8ed7673e396a7b40304db7eba6cb"
"md","template-technical","bmm","bmad/bmm/workflows/1-analysis/research/template-technical.md","6f571c638c9d2f12ded2cf82ed7c5064a25e99f197fcd42dc558cb45e7ebaf93"
"md","test-levels-framework","bmm","bmad/bmm/testarch/knowledge/test-levels-framework.md","85feecbee24c2e2efa7e3a7c5b455eddfad2f262ffe3ee84b7759c45576b3f10"
"md","test-priorities-matrix","bmm","bmad/bmm/testarch/knowledge/test-priorities-matrix.md","b18dfbb0d81112d1333ad5abe29ef719b72906d013679347c9e019fef33958fe"
"md","test-quality","bmm","bmad/bmm/testarch/knowledge/test-quality.md","314e926651965c9bd535b41d17bb378232b23c08d13b997d947331f2f073b504"
"md","text-based","bmm","bmad/bmm/workflows/2-plan/gdd/game-types/text-based.md","5895ca65dc93f676bb33b754f2c6be85d5d9b651df87d8431d404dc9bb736ee7"
"md","tower-defense","bmm","bmad/bmm/workflows/2-plan/gdd/game-types/tower-defense.md","03a2cc577fdd1a183ba04409b01b22f2f38713d28f1278481b0f221858f97ec8"
"md","turn-based-tactics","bmm","bmad/bmm/workflows/2-plan/gdd/game-types/turn-based-tactics.md","30a150d8a0ab746f0c67d414be79e7e421fff1b8b7a1b716e64800df72bdb6c2"
"md","user-story-template","bmm","bmad/bmm/workflows/2-plan/tech-spec/user-story-template.md","7d222218dd3c39888daccbb9f6b8442417648a72d268ddafe7121dcb04d65557"
"md","ux-expert","bmm","bmad/bmm/agents/ux-expert.md","99415d1b4305d9ce00f97c76dbfd2986e109d322dcba6ac98081d550e5e124fc"
"md","ux-spec-template","bmm","bmad/bmm/workflows/2-plan/ux/ux-spec-template.md","b04fa73b5cc1c835f0ddd7a8699b458b8631ecd4add2fb0be4f47b8ba5bfd54e"
"md","visual-debugging","bmm","bmad/bmm/testarch/knowledge/visual-debugging.md","8c0c625f73761c318fc05cdbc57f4ed21a871d9fe2df2ffba91f8ec7c9835032"
"md","visual-novel","bmm","bmad/bmm/workflows/2-plan/gdd/game-types/visual-novel.md","2d98f4c682f0abbd6330ac1bad04600c596e6b27302adbe9510fc0c0bf53052c"
"md","web-api-architecture","bmm","bmad/bmm/workflows/3-solutioning/templates/web-api-architecture.md","bb1688916680cfe3d723d6991d68bf288931dc27713b5f5f27ec08955a57ef4f"
"md","web-fullstack-architecture","bmm","bmad/bmm/workflows/3-solutioning/templates/web-fullstack-architecture.md","48f17f9a8063af9bc123967abb143c45a69c1742e8573807948768733cd680d3"
"md","web-questions","bmm","bmad/bmm/workflows/3-solutioning/project-types/web-questions.md","0f214e0a4a9e81eb9994a3f1d82ef2c5358e97baa2ca6320ba0a7a73747fa4aa"
"xml","context-template","bmm","bmad/bmm/workflows/4-implementation/story-context/context-template.xml","6b88d07ff10f51bb847d70e02f22d8927beb6ef1e55d5acf647e8f23b5821921"
"xml","daily-standup","bmm","bmad/bmm/tasks/daily-standup.xml","51b7938726bd2ad32d9ccc3b1bbad89b6023ddc607d3714cc5f2fd91d296465b"
"xml","retrospective","bmm","bmad/bmm/tasks/retrospective.xml","0c7ed9b6a5a590a58f35fca3f9d04e548bb62fb3e9bd0c8e22df24c1dc905c7b"
"yaml","analyst.agent","bmm","bmad/bmm/agents/analyst.agent.yaml",""
"yaml","architect.agent","bmm","bmad/bmm/agents/architect.agent.yaml",""
"yaml","config","bmm","bmad/bmm/config.yaml","3cb99f85d4a5b8ce55e25ae01e7553b7b9e71ac5819eaa094d3841a31a6aad09"
"yaml","deep-dive","bmm","bmad/bmm/workflows/1-analysis/document-project/workflows/deep-dive.yaml","8cc08a7fd213d35e2de924e588b903e491494694f4ebb493cc6ab60cf8f0c6c0"
"yaml","dev.agent","bmm","bmad/bmm/agents/dev.agent.yaml",""
"yaml","full-scan","bmm","bmad/bmm/workflows/1-analysis/document-project/workflows/full-scan.yaml","1be54e7e270a19c373e6f952745c055fe33948a173f7355f29ce729fb48c6a8f"
"yaml","game-architect.agent","bmm","bmad/bmm/agents/game-architect.agent.yaml",""
"yaml","game-designer.agent","bmm","bmad/bmm/agents/game-designer.agent.yaml",""
"yaml","game-dev.agent","bmm","bmad/bmm/agents/game-dev.agent.yaml",""
"yaml","injections","bmm","bmad/bmm/workflows/1-analysis/research/claude-code/injections.yaml","dd6dd6e722bf661c3c51d25cc97a1e8ca9c21d517ec0372e469364ba2cf1fa8b"
"yaml","pm.agent","bmm","bmad/bmm/agents/pm.agent.yaml",""
"yaml","sm.agent","bmm","bmad/bmm/agents/sm.agent.yaml",""
"yaml","tea.agent","bmm","bmad/bmm/agents/tea.agent.yaml",""
"yaml","team-all","bmm","bmad/bmm/teams/team-all.yaml","65e3087d727efdec02565758c1bd07e13e7dff0e102847d4dd65e0e77a88debc"
"yaml","team-gamedev","bmm","bmad/bmm/teams/team-gamedev.yaml","74f8951a5e57ff1687ec5f79c8f58e8d78d55a80bdd96d8b825f1f321c39ba25"
"yaml","team-planning","bmm","bmad/bmm/teams/team-planning.yaml","b337fa82a75b842f5c94f67535e63c1da6c22e778e03d289572fe26622672261"
"yaml","ux-expert.agent","bmm","bmad/bmm/agents/ux-expert.agent.yaml",""
"yaml","workflow","bmm","bmad/bmm/workflows/1-analysis/brainstorm-game/workflow.yaml","39337c210310c50edccf556f91a56a2a36eb2810d9ae1c55a9cdfcf558bff427"
"yaml","workflow","bmm","bmad/bmm/workflows/1-analysis/brainstorm-project/workflow.yaml","81ae3e39ba3a98891179b9174388286ea3ce2a7e7e754bc0b2c30beb36e9a1ff"
"yaml","workflow","bmm","bmad/bmm/workflows/1-analysis/document-project/workflow.yaml","255c849b4e091e9fd60e185a47ab333bfb2eed07bea2fe08c0125845e481fe6e"
"yaml","workflow","bmm","bmad/bmm/workflows/1-analysis/game-brief/workflow.yaml","b3d3f58c4119ed0db6c4d24bc5be30489057504b023f42fcb168e3d93be52357"
"yaml","workflow","bmm","bmad/bmm/workflows/1-analysis/product-brief/workflow.yaml","0a95dea856d0b8142815d229fcdff5a98d2e946888c64b262124f6afa906425e"
"yaml","workflow","bmm","bmad/bmm/workflows/1-analysis/research/workflow.yaml","60477226a00e4b865a6f0980018bacd30372a79715e9de3c2daee3456a8eac6b"
"yaml","workflow","bmm","bmad/bmm/workflows/1-analysis/workflow-status/workflow.yaml","a1f88dddd85be6bd3343646f37768abfb5ccafca821f5a31139fafd6a9232375"
"yaml","workflow","bmm","bmad/bmm/workflows/2-plan/gdd/workflow.yaml","6599f01ae64fa2751172e21d39730d72799f160de198bdae6e25e82966cb38ae"
"yaml","workflow","bmm","bmad/bmm/workflows/2-plan/narrative/workflow.yaml","28978532167f1efe9f73e57ce3a45746cf4b6bc101e3e1a9354acf5956750214"
"yaml","workflow","bmm","bmad/bmm/workflows/2-plan/prd/workflow.yaml","3e412a6d7d82c3636f063040780272f77b19f41fa5cba05ad7cd96481d4a6843"
"yaml","workflow","bmm","bmad/bmm/workflows/2-plan/tech-spec/workflow.yaml","c972b3e21a17ace6f28a1ea29ea179d1fb2f3c3b9fb3ee8642ae9e392707a329"
"yaml","workflow","bmm","bmad/bmm/workflows/2-plan/ux/workflow.yaml","6674e26f2e18e16c57a6d32a321ca6d6bbc043aa3f8340b604798edee1f02eeb"
"yaml","workflow","bmm","bmad/bmm/workflows/2-plan/workflow.yaml","3c4801a1b894e1cb7613b1a7567fbb73ff7c0aa45ae3c6308ab0ad0bee073e1f"
"yaml","workflow","bmm","bmad/bmm/workflows/3-solutioning/tech-spec/workflow.yaml","61160e17ed378dad5905371225c5ca1858f160b095a7cacc9d07b6c129760f43"
"yaml","workflow","bmm","bmad/bmm/workflows/3-solutioning/workflow.yaml","df4cecde164788c68ead3c17ed3b4cdaed2ad27919ee134a07a1e50676ad879e"
"yaml","workflow","bmm","bmad/bmm/workflows/4-implementation/correct-course/workflow.yaml","e22bce828e334a2bb37379162c1706a8dd09d9bf73d1e0315b20fb4cfa173d25"
"yaml","workflow","bmm","bmad/bmm/workflows/4-implementation/create-story/workflow.yaml","72e9542d722fddcd3fcb55f0731a5a0e3258db01fdc77c45fe6d817a3dc1d57b"
"yaml","workflow","bmm","bmad/bmm/workflows/4-implementation/dev-story/workflow.yaml","6eb763221fac35eba9fa29f61259d711efe423e895c6adf248a3cdcb633f7552"
"yaml","workflow","bmm","bmad/bmm/workflows/4-implementation/retrospective/workflow.yaml","dd84fc9aa227a84fb461ec5c4c4bbcb5e297fffa5f071eb96c4095589cf4a6ad"
"yaml","workflow","bmm","bmad/bmm/workflows/4-implementation/review-story/workflow.yaml","c83ce31699619d321a1f3c1bc8aa434740504fc99593677286bcac2cc81f11af"
"yaml","workflow","bmm","bmad/bmm/workflows/4-implementation/story-approved/workflow.yaml","883bccf87ba8256aff541d7a24ff2e10f7ec7e87733717103b0092fecdd22a5b"
"yaml","workflow","bmm","bmad/bmm/workflows/4-implementation/story-context/workflow.yaml","a85261adc0fc3495d93853d8c7d38e32bde012dedc8905c2893ee060face1e52"
"yaml","workflow","bmm","bmad/bmm/workflows/4-implementation/story-ready/workflow.yaml","59110c30690bd5d01d66677670c18f385b3b84a56838afc9c96ba050c041b937"
"yaml","workflow","bmm","bmad/bmm/workflows/testarch/atdd/workflow.yaml","c1c0206042dc9b96b4a717b5187a4cf5c0254256625ff7b88c0c32094c419d4d"
"yaml","workflow","bmm","bmad/bmm/workflows/testarch/automate/workflow.yaml","d4f0ae9520e8515ce1cef5372993ad721cf3389167815f00a8fbd93d5fc4d9de"
"yaml","workflow","bmm","bmad/bmm/workflows/testarch/ci/workflow.yaml","303c2cae23251d7ebb400987dbaf422cb6aebe6b77cb886aafb0ac2eb9dbe2ac"
"yaml","workflow","bmm","bmad/bmm/workflows/testarch/framework/workflow.yaml","328d7e7e0edbbaff18761e1fe0e753f985b25028611f363ae84d09115160620f"
"yaml","workflow","bmm","bmad/bmm/workflows/testarch/gate/workflow.yaml","86eb4a240f10adad14ee211e2be1ca89bf31a41b9f5a8e7bb0719caf32405912"
"yaml","workflow","bmm","bmad/bmm/workflows/testarch/nfr-assess/workflow.yaml","9372ffd0c107bebc58cd93fb9bf8e7d0e4cdb5e55eabebaf6a7a821cc946c7e1"
"yaml","workflow","bmm","bmad/bmm/workflows/testarch/test-design/workflow.yaml","08fe57d8bf91c6866699bce92ea05b1e694aa72fde2a3b530833a1556e2fef1a"
"yaml","workflow","bmm","bmad/bmm/workflows/testarch/trace/workflow.yaml","0b841730236e0e0a140dfd99a82ab66cec26930f07fe3bb9154cc02e8bb9d29d"
"csv","design-methods","cis","bmad/cis/workflows/design-thinking/design-methods.csv","f5fe4a911305fb94af37d21d3a74847eb37a028ef9da994459a2c64a5a52c9de"
"csv","innovation-frameworks","cis","bmad/cis/workflows/innovation-strategy/innovation-frameworks.csv","59780af3d50270bf978a9a8919cd156d38678f32cbac4f9fd960a074545b8e33"
"csv","solving-methods","cis","bmad/cis/workflows/problem-solving/solving-methods.csv","c0aa9c9ed2cee8c86d9a0691d9884485495da104c42e4909e3ee235432f72a13"
"csv","story-types","cis","bmad/cis/workflows/storytelling/story-types.csv","ec5a3c713617bf7e2cf7db439303dd8f3363daa2f6db20a350c82260ade88bdb"
"md","brainstorming-coach","cis","bmad/cis/agents/brainstorming-coach.md","c542acf134e482a8bc2a2fa62a7f98a46e02149761b20ad559b068f38a5630d1"
"md","creative-problem-solver","cis","bmad/cis/agents/creative-problem-solver.md","4c1685c80cc37acb98c172785cfa3df8b820fde2ba6f7fd32bde5decb908dc6a"
"md","design-thinking-coach","cis","bmad/cis/agents/design-thinking-coach.md","5807dbaea17cd1ed157d6051bbfe8be42560d807642a6f4c7c054cfcfe68acea"
"md","innovation-strategist","cis","bmad/cis/agents/innovation-strategist.md","ddb8f206430129d394e0b27cb15731badc0b75b364392cfcf05bddce017aa77b"
"md","instructions","cis","bmad/cis/workflows/design-thinking/instructions.md","40e09c9c8dfcb57bb9f89f6357d619dc006d6520239494144a9122e5086d87dc"
"md","instructions","cis","bmad/cis/workflows/innovation-strategy/instructions.md","fa8fbe1e56f666b0931a0c782cbf49f8b65dfa366c8ffa208f21ba3881bdb331"
"md","instructions","cis","bmad/cis/workflows/problem-solving/instructions.md","9b4e1fd2e5ea8ce5c6d4fdb495291775225ad7aaca8a39d7ac3351b7475c0cc1"
"md","instructions","cis","bmad/cis/workflows/storytelling/instructions.md","6d6d68a4cdc57dafc1a25baa1ce8ff124f9eabfa094e72231e1856fae7d42cf4"
"md","readme","cis","bmad/cis/readme.md","1f1476a033812c687724619f8bb00eb9c994ecff7dc08c52bd92cfb9f822b6f1"
"md","README","cis","bmad/cis/agents/README.md","dd7276c44ba77e9d856efaa9587666267279564a3f930398869f475341cd9c38"
"md","README","cis","bmad/cis/workflows/README.md","91b568dcdda5ba635f4c0cc3ff72329532637de2ecb5a2758642ce4c2d4bf817"
"md","README","cis","bmad/cis/workflows/design-thinking/README.md","0a38f88352dc4674f6e1f55a67ffebf403bf329c874a21a49ce7834c08f91f62"
"md","README","cis","bmad/cis/workflows/innovation-strategy/README.md","820a9e734fadf2cfac94d499cec2e4b41a54d054c0d2f6b9819da319beee4fb9"
"md","README","cis","bmad/cis/workflows/problem-solving/README.md","a5e75b9899751d7aabffcf65785f10d4d2e0455f8c7c541e8a143e3babceca8b"
"md","README","cis","bmad/cis/workflows/storytelling/README.md","1bad4223dce51cb5a7ab8c116467f78037a4583d3a840210ee2f160ad15b71ee"
"md","storyteller","cis","bmad/cis/agents/storyteller.md","f0d05decf9924447887220a953d6b8a6c99f3b41f9b91f2c9c6a331ac6d15f27"
"md","template","cis","bmad/cis/workflows/design-thinking/template.md","7834c387ac0412c841b49a9fcdd8043f5ce053e5cb26993548cf4d31b561f6f0"
"md","template","cis","bmad/cis/workflows/innovation-strategy/template.md","3e649531c0d8ac94e147159cd456aa0e1726439e8518c3ccc2ad08fc486aed59"
"md","template","cis","bmad/cis/workflows/problem-solving/template.md","6c9efd7ac7b10010bd9911db16c2fbdca01fb0c306d871fa6381eef700b45608"
"md","template","cis","bmad/cis/workflows/storytelling/template.md","461981aa772ef2df238070cbec90fc40995df2a71a8c22225b90c91afed57452"
"yaml","brainstorming-coach.agent","cis","bmad/cis/agents/brainstorming-coach.agent.yaml",""
"yaml","config","cis","bmad/cis/config.yaml","74c0843bbd3a82bbd1d2764edd0906995e6acbaf7cb33d7ac197e2ac79d7278d"
"yaml","creative-problem-solver.agent","cis","bmad/cis/agents/creative-problem-solver.agent.yaml",""
"yaml","creative-squad","cis","bmad/cis/teams/creative-squad.yaml","5c31e9dd98fff661baa82e71ae3dd5856883fabbc245a62e28a77c4e2df83dec"
"yaml","design-thinking-coach.agent","cis","bmad/cis/agents/design-thinking-coach.agent.yaml",""
"yaml","innovation-strategist.agent","cis","bmad/cis/agents/innovation-strategist.agent.yaml",""
"yaml","storyteller.agent","cis","bmad/cis/agents/storyteller.agent.yaml",""
"yaml","workflow","cis","bmad/cis/workflows/design-thinking/workflow.yaml","a1978e265f0470c7b77ba9279609c690a179b0fc4437aaeb53ea49818a858110"
"yaml","workflow","cis","bmad/cis/workflows/innovation-strategy/workflow.yaml","f1b6617afd69b0c3bcd3fc1dcdc74a22ff1f77b47ee04d49d7cf5e884540c958"
"yaml","workflow","cis","bmad/cis/workflows/problem-solving/workflow.yaml","f5b16fb8c5b91b3e5f828f722fd46f40741d1407155207c0cd0042534b202264"
"yaml","workflow","cis","bmad/cis/workflows/storytelling/workflow.yaml","c867f8bef9954973fd9dd73e063060a9b9c4a1ad8273cc68ead55e6d8c8701d3"
"csv","adv-elicit-methods","core","bmad/core/tasks/adv-elicit-methods.csv","b4e925870f902862899f12934e617c3b4fe002d1b652c99922b30fa93482533b"
"csv","brain-methods","core","bmad/core/workflows/brainstorming/brain-methods.csv","ecffe2f0ba263aac872b2d2c95a3f7b1556da2a980aa0edd3764ffb2f11889f3"
"md","bmad-master","core","bmad/core/agents/bmad-master.md","d5a8f4c202e0637844b7c481c6b1284f4a8175017f070a23de849f53ead62625"
"md","instructions","core","bmad/core/workflows/bmad-init/instructions.md","f4eff0e5f8c060126cb3027e3b0a343451ff25cd8fac28551e70281c3b16a5b2"
"md","instructions","core","bmad/core/workflows/brainstorming/instructions.md","32961c158cf5c0575ff0aac6e6532ea177b824e96caddafa31223485df10bc4e"
"md","instructions","core","bmad/core/workflows/party-mode/instructions.md","ea0e0e76de91d872efb3b4397627801452f21a39d094a77c41edc93f8dc4238b"
"md","README","core","bmad/core/workflows/brainstorming/README.md","ca469d9fbb2b9156491d160e11e2517fdf85ea2c29f41f92b22d4027fe7d9d2a"
"md","template","core","bmad/core/workflows/brainstorming/template.md","b5c760f4cea2b56c75ef76d17a87177b988ac846657f4b9819ec125d125b7386"
"xml","adv-elicit","core","bmad/core/tasks/adv-elicit.xml","94f004a336e434cd231de35eb864435ac51cd5888e9befe66e326eb16497121e"
"xml","bmad-web-orchestrator.agent","core","bmad/core/agents/bmad-web-orchestrator.agent.xml","91a5c1b660befa7365f427640b4fa3dbb18f5e48cd135560303dae0939dccf12"
"xml","index-docs","core","bmad/core/tasks/index-docs.xml","8d011ea850571d448932814bad7cbedcc8aa6e3e28868f55dcc7c2ba82158901"
"xml","validate-workflow","core","bmad/core/tasks/validate-workflow.xml","1244874db38a55d957995ed224812ef868ff1451d8e1901cc5887dd0eb1c236e"
"xml","workflow","core","bmad/core/tasks/workflow.xml","0b2b7bd184e099869174cc8d9125fce08bcd3fd64fad50ff835a42eccf6620e2"
"yaml","bmad-master.agent","core","bmad/core/agents/bmad-master.agent.yaml",""
"yaml","config","core","bmad/core/config.yaml","0912f997e9efea3383fdaad2050831f32b5e5370ae746ea894f3c0d5e27ca5ee"
"yaml","workflow","core","bmad/core/workflows/bmad-init/workflow.yaml","731b408219111bd234ebf7a7e124fe2dcb3a428bcf74f8c307a9a2f58039ee97"
"yaml","workflow","core","bmad/core/workflows/brainstorming/workflow.yaml","52db57678606b98ec47e603c253c40f98815c49417df3088412bbbd8aa7f34d3"
"yaml","workflow","core","bmad/core/workflows/party-mode/workflow.yaml","979e986780ce919abbdae89b3bd264d34a1436036a7eb6f82f40e59c9ce7c2e8"
